name,date,timeOfEntry,status
1, 2024-04-06, 01:22:34 AM, Early
1, 2024-04-06, 01:22:39 AM, Early
1, 2024-04-06, 01:22:40 AM, Early
1, 2024-04-06, 01:22:47 AM, Early
1, 2024-04-06, 01:22:47 AM, Early
1, 2024-04-06, 01:22:48 AM, Early
1, 2024-04-06, 01:22:49 AM, Early
1, 2024-04-06, 01:22:49 AM, Early
1, 2024-04-06, 01:22:50 AM, Early
1, 2024-04-06, 01:22:51 AM, Early
1, 2024-04-06, 01:22:52 AM, Early
1, 2024-04-06, 01:22:53 AM, Early
1, 2024-04-06, 01:22:54 AM, Early
1, 2024-04-06, 01:22:55 AM, Early
1, 2024-04-06, 01:22:56 AM, Early
1, 2024-04-06, 01:22:57 AM, Early
1, 2024-04-06, 01:22:58 AM, Early
1, 2024-04-06, 01:22:59 AM, Early
1, 2024-04-06, 01:22:59 AM, Early
1, 2024-04-06, 01:23:00 AM, Early
1, 2024-04-06, 01:23:01 AM, Early
1, 2024-04-06, 01:23:02 AM, Early
1, 2024-04-06, 01:23:02 AM, Early
1, 2024-04-06, 01:23:03 AM, Early
1, 2024-04-06, 01:23:04 AM, Early
1, 2024-04-06, 01:23:05 AM, Early
1, 2024-04-06, 01:23:05 AM, Early
1, 2024-04-06, 01:23:06 AM, Early
1, 2024-04-06, 01:23:07 AM, Early
1, 2024-04-06, 01:23:08 AM, Early
1, 2024-04-06, 01:23:09 AM, Early
1, 2024-04-06, 01:23:10 AM, Early
1, 2024-04-06, 01:23:11 AM, Early
1, 2024-04-06, 01:23:12 AM, Early
1, 2024-04-06, 01:23:14 AM, Early
1, 2024-04-06, 01:23:15 AM, Early
1, 2024-04-06, 01:23:16 AM, Early
1, 2024-04-06, 01:23:17 AM, Early
1, 2024-04-06, 01:23:18 AM, Early
1, 2024-04-06, 01:23:19 AM, Early
1, 2024-04-06, 01:23:19 AM, Early
1, 2024-04-06, 01:23:21 AM, Early
1, 2024-04-06, 01:23:23 AM, Early
1, 2024-04-06, 01:23:23 AM, Early
1, 2024-04-06, 01:23:24 AM, Early
1, 2024-04-06, 01:23:25 AM, Early
1, 2024-04-06, 01:23:26 AM, Early
1, 2024-04-06, 01:23:28 AM, Early
1, 2024-04-06, 01:23:28 AM, Early
1, 2024-04-06, 01:23:29 AM, Early
1, 2024-04-06, 01:23:30 AM, Early
1, 2024-04-06, 01:23:31 AM, Early
1, 2024-04-06, 01:23:32 AM, Early
1, 2024-04-06, 01:23:33 AM, Early
1, 2024-04-06, 01:23:34 AM, Early
1, 2024-04-06, 01:23:34 AM, Early
1, 2024-04-06, 01:23:35 AM, Early
1, 2024-04-06, 01:23:36 AM, Early
1, 2024-04-06, 01:23:37 AM, Early
1, 2024-04-06, 01:23:38 AM, Early
1, 2024-04-06, 01:23:41 AM, Early
1, 2024-04-06, 01:23:42 AM, Early
1, 2024-04-06, 01:23:43 AM, Early
1, 2024-04-06, 01:23:44 AM, Early
1, 2024-04-06, 01:23:45 AM, Early
1, 2024-04-06, 01:23:46 AM, Early
1, 2024-04-06, 01:23:46 AM, Early
1, 2024-04-06, 01:23:48 AM, Early
1, 2024-04-06, 01:23:49 AM, Early
1, 2024-04-06, 01:23:50 AM, Early
1, 2024-04-06, 01:23:52 AM, Early
1, 2024-04-06, 01:24:34 AM, Early
1, 2024-04-06, 01:24:35 AM, Early
1, 2024-04-06, 01:24:37 AM, Early
1, 2024-04-06, 01:24:38 AM, Early
1, 2024-04-06, 01:24:39 AM, Early
1, 2024-04-06, 01:24:42 AM, Early
1, 2024-04-06, 01:24:42 AM, Early
1, 2024-04-06, 01:24:44 AM, Early
1, 2024-04-06, 01:24:45 AM, Early
1, 2024-04-06, 01:24:46 AM, Early
1, 2024-04-06, 01:24:47 AM, Early
1, 2024-04-06, 01:24:48 AM, Early
1, 2024-04-06, 01:24:49 AM, Early
1, 2024-04-06, 01:24:50 AM, Early
1, 2024-04-06, 01:24:52 AM, Early
1, 2024-04-06, 01:25:22 AM, Early
1, 2024-04-06, 01:25:23 AM, Early
1, 2024-04-06, 01:25:24 AM, Early
1, 2024-04-06, 01:25:25 AM, Early
1, 2024-04-06, 01:25:26 AM, Early
1, 2024-04-06, 01:25:27 AM, Early
1, 2024-04-06, 01:25:28 AM, Early
1, 2024-04-06, 01:25:31 AM, Early
1, 2024-04-06, 01:25:32 AM, Early
1, 2024-04-06, 01:25:33 AM, Early
1, 2024-04-06, 01:29:15 AM, Early
1, 2024-04-06, 01:29:17 AM, Early
1, 2024-04-06, 01:29:18 AM, Early
1, 2024-04-06, 01:29:19 AM, Early
1, 2024-04-06, 01:29:20 AM, Early
1, 2024-04-06, 01:29:20 AM, Early
1, 2024-04-06, 01:29:21 AM, Early
1, 2024-04-06, 01:29:22 AM, Early
1, 2024-04-06, 01:29:23 AM, Early
1, 2024-04-06, 01:29:24 AM, Early
1, 2024-04-06, 01:29:25 AM, Early
1, 2024-04-06, 01:29:26 AM, Early
1, 2024-04-06, 01:29:26 AM, Early
1, 2024-04-06, 01:29:27 AM, Early
1, 2024-04-06, 01:29:28 AM, Early
1, 2024-04-06, 01:29:29 AM, Early
1, 2024-04-06, 01:29:30 AM, Early
1, 2024-04-06, 01:29:32 AM, Early
1, 2024-04-06, 01:29:34 AM, Early
1, 2024-04-06, 01:29:35 AM, Early
1, 2024-04-06, 01:29:36 AM, Early
1, 2024-04-06, 01:29:37 AM, Early
1, 2024-04-06, 01:29:38 AM, Early
1, 2024-04-06, 01:29:39 AM, Early
1, 2024-04-06, 01:29:40 AM, Early
1, 2024-04-06, 01:29:41 AM, Early
1, 2024-04-06, 01:29:42 AM, Early
1, 2024-04-06, 01:29:43 AM, Early
1, 2024-04-06, 01:29:44 AM, Early
1, 2024-04-06, 01:29:45 AM, Early
1, 2024-04-06, 01:29:47 AM, Early
1, 2024-04-06, 01:29:48 AM, Early
1, 2024-04-06, 01:29:49 AM, Early
1, 2024-04-06, 01:29:50 AM, Early
1, 2024-04-06, 01:29:53 AM, Early
1, 2024-04-06, 01:29:54 AM, Early
1, 2024-04-06, 01:29:55 AM, Early
1, 2024-04-06, 01:29:56 AM, Early
1, 2024-04-06, 01:29:58 AM, Early
1, 2024-04-06, 01:29:59 AM, Early
1, 2024-04-06, 01:30:00 AM, Early
1, 2024-04-06, 01:30:02 AM, Early
1, 2024-04-06, 01:30:03 AM, Early
1, 2024-04-06, 01:30:04 AM, Early
1, 2024-04-06, 01:30:05 AM, Early
1, 2024-04-06, 01:30:06 AM, Early
1, 2024-04-06, 01:30:08 AM, Early
1, 2024-04-06, 01:30:09 AM, Early
1, 2024-04-06, 01:30:11 AM, Early
1, 2024-04-06, 01:30:12 AM, Early
1, 2024-04-06, 01:30:13 AM, Early
1, 2024-04-06, 01:30:15 AM, Early
1, 2024-04-06, 01:30:16 AM, Early
1, 2024-04-06, 01:30:18 AM, Early
1, 2024-04-06, 01:30:19 AM, Early
1, 2024-04-06, 01:30:20 AM, Early
1, 2024-04-06, 01:30:21 AM, Early
1, 2024-04-06, 01:30:23 AM, Early
1, 2024-04-06, 01:30:23 AM, Early
1, 2024-04-06, 01:30:25 AM, Early
1, 2024-04-06, 01:30:26 AM, Early
1, 2024-04-06, 01:30:28 AM, Early
1, 2024-04-06, 01:30:30 AM, Early
1, 2024-04-06, 01:30:31 AM, Early
1, 2024-04-06, 01:30:33 AM, Early
1, 2024-04-06, 01:30:35 AM, Early
1, 2024-04-06, 01:30:36 AM, Early
1, 2024-04-06, 01:30:38 AM, Early
1, 2024-04-06, 01:30:40 AM, Early
1, 2024-04-06, 01:30:41 AM, Early
1, 2024-04-06, 01:30:42 AM, Early
1, 2024-04-06, 01:30:43 AM, Early
1, 2024-04-06, 01:30:44 AM, Early
1, 2024-04-06, 01:30:45 AM, Early
1, 2024-04-06, 01:30:47 AM, Early
1, 2024-04-06, 01:30:48 AM, Early
1, 2024-04-06, 01:30:49 AM, Early
1, 2024-04-06, 01:30:50 AM, Early
1, 2024-04-06, 01:30:51 AM, Early
1, 2024-04-06, 01:30:52 AM, Early
1, 2024-04-06, 01:30:53 AM, Early
1, 2024-04-06, 01:30:54 AM, Early
1, 2024-04-06, 01:30:55 AM, Early
1, 2024-04-06, 01:30:56 AM, Early
1, 2024-04-06, 01:30:57 AM, Early
1, 2024-04-06, 01:30:58 AM, Early
1, 2024-04-06, 01:30:59 AM, Early
1, 2024-04-06, 01:31:01 AM, Early
